﻿<?xml version="1.0" encoding="utf-8" ?>
<simple>
  <ac>
    <version>3.0</version>

    <param>
      <title>RC Feel Roll/Pitch</title>
      <desc>Slide to the left for softer response to user RC input or slide to the right for crisper response.</desc>
      <name>RC_FEEL_RP</name>
      <value>100</value>
      <min>0</min>
      <max>100</max>
    </param>

    <param>
      <title>Roll/Pitch Sensitivity:</title>
      <desc>Slide to the right if the copter is sluggish or slide to the left if the copter is twitchy.</desc>
      <name>RATE_RLL_P</name>
      <value>0.15</value>
      <min>0.08</min>
      <max>0.4</max>
      <relation>
        <param>RATE_RLL_I</param>
        <multiplier>1</multiplier>
      </relation>
      <relation>
        <param>RATE_PIT_P</param>
        <multiplier>1</multiplier>
      </relation>
      <relation>
        <param>RATE_PIT_I</param>
        <multiplier>1</multiplier>
      </relation>
    </param>
    
    <param>
      <title>Throttle Hover:</title>
      <desc> How much throttle is needed to maintain a steady hover. </desc>
      <name>THR_MID</name>
      <value>480</value>
      <min>200</min>
      <max>800</max>
    </param>

    <param>
      <title>Climb Sensitivity:</title>
      <desc>Slide to the right to climb more aggressively or slide to the left to climb more gently.</desc>
      <name>THR_ACCEL_P</name>
      <value>0.75</value>
      <min>0.3</min>
      <max>1</max>
      <relation>
        <param>THR_ACCEL_I</param>
        <multiplier>2</multiplier>
      </relation>
    </param>
  
  </ac>
</simple>